{
  "import": 1.3915434998925775,
  "registry": 8.949998300522566e-05,
  "doctor": 4.433071900042705,
  "tests": 24.574270899989642
}